{
    "mse": 0.7704646589906351,
    "rmse": 0.8777611628402313,
    "r2": 0.23020999082187765
}